{"cameraMode":{"drawMode":0,"name":"Shaded","section":"Shading Mode"},"sceneLighting":false,"audioPlay":false,"sceneViewState":{"showFog":true,"showMaterialUpdate":false,"showSkybox":true,"showFlares":true,"showImageEffects":true,"showParticleSystems":true},"in2DMode":false,"pivot":{"x":-0.5401513576507568,"y":0.2382950782775879,"z":7.178208351135254},"rotation":{"x":-0.24763822555541993,"y":0.06446564942598343,"z":-0.016516460105776788,"w":-0.9665645956993103},"size":1.6125872135162354,"orthographic":false}