{"cameraMode":{"drawMode":0,"name":"Shaded","section":"Shading Mode"},"sceneLighting":false,"audioPlay":false,"sceneViewState":{"showFog":true,"showMaterialUpdate":false,"showSkybox":true,"showFlares":true,"showImageEffects":true,"showParticleSystems":true},"in2DMode":false,"pivot":{"x":1.9101192951202393,"y":1.5366839170455933,"z":9.1583833694458},"rotation":{"x":0.01682177186012268,"y":-0.9728717803955078,"z":0.07487153261899948,"w":0.2184406965970993},"size":1.0555758476257325,"orthographic":false}