{"cameraMode":{"drawMode":0,"name":"Shaded","section":"Shading Mode"},"sceneLighting":false,"audioPlay":false,"sceneViewState":{"showFog":true,"showMaterialUpdate":false,"showSkybox":true,"showFlares":true,"showImageEffects":true,"showParticleSystems":true},"in2DMode":false,"pivot":{"x":20.740280151367189,"y":-9.102523803710938,"z":-22.824989318847658},"rotation":{"x":0.08289684355258942,"y":0.8445231318473816,"z":-0.1369895339012146,"w":0.5110323429107666},"size":52.70645523071289,"orthographic":false}