{"cameraMode":{"drawMode":0,"name":"Shaded","section":"Shading Mode"},"sceneLighting":false,"audioPlay":false,"sceneViewState":{"showFog":true,"showMaterialUpdate":false,"showSkybox":true,"showFlares":true,"showImageEffects":true,"showParticleSystems":true},"in2DMode":false,"pivot":{"x":3.471414089202881,"y":-0.6563338041305542,"z":9.854490280151368},"rotation":{"x":-0.039054520428180698,"y":0.9527509212493897,"z":-0.2670794725418091,"w":-0.1393190175294876},"size":10.0,"orthographic":false}