{"cameraMode":{"drawMode":0,"name":"Shaded","section":"Shading Mode"},"sceneLighting":false,"audioPlay":false,"sceneViewState":{"showFog":true,"showMaterialUpdate":false,"showSkybox":true,"showFlares":true,"showImageEffects":true,"showParticleSystems":true},"in2DMode":false,"pivot":{"x":67.86920928955078,"y":-50.92314147949219,"z":24.447330474853517},"rotation":{"x":0.26460158824920657,"y":0.5832621455192566,"z":-0.20882467925548554,"w":0.7390483021736145},"size":44.3765983581543,"orthographic":false}