{"cameraMode":{"drawMode":0,"name":"Shaded","section":"Shading Mode"},"sceneLighting":false,"audioPlay":false,"sceneViewState":{"showFog":true,"showMaterialUpdate":false,"showSkybox":true,"showFlares":true,"showImageEffects":true,"showParticleSystems":true},"in2DMode":false,"pivot":{"x":-4.828455924987793,"y":-6.665831565856934,"z":4.663938522338867},"rotation":{"x":0.20294442772865296,"y":-0.7188524007797241,"z":0.23448516428470612,"w":0.622163712978363},"size":12.790470123291016,"orthographic":false}