{"cameraMode":{"drawMode":0,"name":"Shaded","section":"Shading Mode"},"sceneLighting":false,"audioPlay":false,"sceneViewState":{"showFog":true,"showMaterialUpdate":false,"showSkybox":true,"showFlares":true,"showImageEffects":true,"showParticleSystems":true},"in2DMode":false,"pivot":{"x":1.6354966163635255,"y":0.9833332300186157,"z":8.899253845214844},"rotation":{"x":0.24225352704524995,"y":0.6157881021499634,"z":-0.207014799118042,"w":0.7206057906150818},"size":1.0404325723648072,"orthographic":false}