{"cameraMode":{"drawMode":0,"name":"Shaded","section":"Shading Mode"},"sceneLighting":false,"audioPlay":false,"sceneViewState":{"showFog":true,"showMaterialUpdate":false,"showSkybox":true,"showFlares":true,"showImageEffects":true,"showParticleSystems":true},"in2DMode":false,"pivot":{"x":880.7987670898438,"y":719.841552734375,"z":113.825927734375},"rotation":{"x":-0.07822965830564499,"y":0.0005952863721176982,"z":-0.00004668927795137279,"w":-0.9969351291656494},"size":507.1064453125,"orthographic":false}