{"cameraMode":{"drawMode":0,"name":"Shaded","section":"Shading Mode"},"sceneLighting":false,"audioPlay":false,"sceneViewState":{"showFog":true,"showMaterialUpdate":false,"showSkybox":true,"showFlares":true,"showImageEffects":true,"showParticleSystems":true},"in2DMode":false,"pivot":{"x":-1.1143265962600709,"y":1.3054717779159547,"z":0.41931235790252688},"rotation":{"x":0.20345930755138398,"y":-0.610368013381958,"z":0.1661706566810608,"w":0.7473087310791016},"size":5.958454608917236,"orthographic":false}