{"cameraMode":{"drawMode":0,"name":"Shaded","section":"Shading Mode"},"sceneLighting":false,"audioPlay":false,"sceneViewState":{"showFog":true,"showMaterialUpdate":false,"showSkybox":true,"showFlares":true,"showImageEffects":true,"showParticleSystems":true},"in2DMode":false,"pivot":{"x":0.4476276934146881,"y":1.2025225162506104,"z":5.371472358703613},"rotation":{"x":-0.0043157972395420078,"y":0.9952163100242615,"z":-0.08260229229927063,"w":-0.05199650302529335},"size":2.4073948860168459,"orthographic":false}