{"cameraMode":{"drawMode":0,"name":"Shaded","section":"Shading Mode"},"sceneLighting":false,"audioPlay":false,"sceneViewState":{"showFog":true,"showMaterialUpdate":false,"showSkybox":true,"showFlares":true,"showImageEffects":true,"showParticleSystems":true},"in2DMode":false,"pivot":{"x":117.97274017333985,"y":11.832993507385254,"z":28.18804168701172},"rotation":{"x":-0.11002795398235321,"y":0.8420923352241516,"z":-0.187687948346138,"w":-0.49355605244636538},"size":1.911909580230713,"orthographic":false}