{"cameraMode":{"drawMode":0,"name":"Shaded","section":"Shading Mode"},"sceneLighting":false,"audioPlay":false,"sceneViewState":{"showFog":true,"showMaterialUpdate":false,"showSkybox":true,"showFlares":true,"showImageEffects":true,"showParticleSystems":true},"in2DMode":false,"pivot":{"x":-1.4706648588180543,"y":4.041284084320068,"z":6.456217288970947},"rotation":{"x":0.33837708830833437,"y":0.47179386019706728,"z":-0.20243102312088014,"w":0.7886351346969605},"size":0.612930417060852,"orthographic":false}