{"cameraMode":{"drawMode":0,"name":"Shaded","section":"Shading Mode"},"sceneLighting":false,"audioPlay":false,"sceneViewState":{"showFog":true,"showMaterialUpdate":false,"showSkybox":false,"showFlares":true,"showImageEffects":true,"showParticleSystems":true},"in2DMode":false,"pivot":{"x":0.8425216674804688,"y":2.5286905765533449,"z":0.10022735595703125},"rotation":{"x":-0.1204429417848587,"y":0.6075618863105774,"z":-0.09388166666030884,"w":-0.7794543504714966},"size":7.988906383514404,"orthographic":false}