{"cameraMode":{"drawMode":0,"name":"Shaded","section":"Shading Mode"},"sceneLighting":false,"audioPlay":false,"sceneViewState":{"showFog":true,"showMaterialUpdate":false,"showSkybox":true,"showFlares":true,"showImageEffects":true,"showParticleSystems":true},"in2DMode":false,"pivot":{"x":-0.7411780953407288,"y":-0.02229893207550049,"z":6.060588359832764},"rotation":{"x":-0.04215564206242561,"y":0.9576714634895325,"z":-0.21044611930847169,"w":-0.19183650612831117},"size":1.207395076751709,"orthographic":false}