{"cameraMode":{"drawMode":0,"name":"Shaded","section":"Shading Mode"},"sceneLighting":false,"audioPlay":false,"sceneViewState":{"showFog":true,"showMaterialUpdate":false,"showSkybox":true,"showFlares":true,"showImageEffects":true,"showParticleSystems":true},"in2DMode":false,"pivot":{"x":3.8916523456573488,"y":-0.059281378984451297,"z":12.580164909362793},"rotation":{"x":0.08954064548015595,"y":0.8895556330680847,"z":-0.198277086019516,"w":0.40170958638191225},"size":0.7924739718437195,"orthographic":false}