{"cameraMode":{"drawMode":0,"name":"Shaded","section":"Shading Mode"},"sceneLighting":false,"audioPlay":false,"sceneViewState":{"showFog":true,"showMaterialUpdate":false,"showSkybox":false,"showFlares":true,"showImageEffects":true,"showParticleSystems":true},"in2DMode":false,"pivot":{"x":0.0035753250122070314,"y":0.03553199768066406,"z":0.05148029327392578},"rotation":{"x":0.20294442772865296,"y":-0.7188524007797241,"z":0.23448516428470612,"w":0.622163712978363},"size":30.649995803833009,"orthographic":false}