{"cameraMode":{"drawMode":0,"name":"Shaded","section":"Shading Mode"},"sceneLighting":false,"audioPlay":false,"sceneViewState":{"showFog":true,"showMaterialUpdate":false,"showSkybox":true,"showFlares":true,"showImageEffects":true,"showParticleSystems":true},"in2DMode":false,"pivot":{"x":4.48184871673584,"y":1.0607320070266724,"z":8.462087631225586},"rotation":{"x":-0.039054520428180698,"y":0.9527509212493897,"z":-0.2670794725418091,"w":-0.1393190175294876},"size":1.6285667419433594,"orthographic":false}