{"cameraMode":{"drawMode":0,"name":"Shaded","section":"Shading Mode"},"sceneLighting":false,"audioPlay":false,"sceneViewState":{"showFog":true,"showMaterialUpdate":false,"showSkybox":false,"showFlares":true,"showImageEffects":true,"showParticleSystems":true},"in2DMode":false,"pivot":{"x":7.945791244506836,"y":-20.64958953857422,"z":2.8402414321899416},"rotation":{"x":-0.2011737823486328,"y":0.533989429473877,"z":-0.1325507014989853,"w":-0.8104417324066162},"size":8.440934181213379,"orthographic":false}