{"cameraMode":{"drawMode":0,"name":"Shaded","section":"Shading Mode"},"sceneLighting":false,"audioPlay":false,"sceneViewState":{"showFog":true,"showMaterialUpdate":false,"showSkybox":false,"showFlares":true,"showImageEffects":true,"showParticleSystems":true},"in2DMode":false,"pivot":{"x":4.269999980926514,"y":1.409999966621399,"z":6.570000171661377},"rotation":{"x":0.20294442772865296,"y":-0.7188524007797241,"z":0.23448516428470612,"w":0.622163712978363},"size":6.332176208496094,"orthographic":false}