{"cameraMode":{"drawMode":0,"name":"Shaded","section":"Shading Mode"},"sceneLighting":false,"audioPlay":false,"sceneViewState":{"showFog":true,"showMaterialUpdate":false,"showSkybox":false,"showFlares":true,"showImageEffects":true,"showParticleSystems":true},"in2DMode":false,"pivot":{"x":-0.008710861206054688,"y":0.19087982177734376,"z":23.978477478027345},"rotation":{"x":-0.2173980325460434,"y":0.03717585280537605,"z":-0.008286310359835625,"w":-0.9753397703170776},"size":10.043854713439942,"orthographic":false}