{"cameraMode":{"drawMode":0,"name":"Shaded","section":"Shading Mode"},"sceneLighting":false,"audioPlay":false,"sceneViewState":{"showFog":true,"showMaterialUpdate":true,"showSkybox":true,"showFlares":true,"showImageEffects":false,"showParticleSystems":true},"in2DMode":false,"pivot":{"x":0.0,"y":0.8999999761581421,"z":5.630000114440918},"rotation":{"x":0.04968364164233208,"y":-0.06524774432182312,"z":0.003252011490985751,"w":0.9966316223144531},"size":0.9949874877929688,"orthographic":false}