{"cameraMode":{"drawMode":0,"name":"Shaded","section":"Shading Mode"},"sceneLighting":false,"audioPlay":false,"sceneViewState":{"showFog":true,"showMaterialUpdate":false,"showSkybox":false,"showFlares":true,"showImageEffects":true,"showParticleSystems":true},"in2DMode":false,"pivot":{"x":-0.000001430511474609375,"y":-10.889999389648438,"z":8.74998664855957},"rotation":{"x":-0.1204429417848587,"y":0.6075618863105774,"z":-0.09388166666030884,"w":-0.7794543504714966},"size":4.634571075439453,"orthographic":false}