{"cameraMode":{"drawMode":0,"name":"Shaded","section":"Shading Mode"},"sceneLighting":false,"audioPlay":false,"sceneViewState":{"showFog":true,"showMaterialUpdate":false,"showSkybox":true,"showFlares":true,"showImageEffects":true,"showParticleSystems":true},"in2DMode":false,"pivot":{"x":1.3347206115722657,"y":0.928415060043335,"z":8.598833084106446},"rotation":{"x":-0.043495502322912219,"y":-0.7085579037666321,"z":0.043862324208021167,"w":-0.7029796242713928},"size":4.911910057067871,"orthographic":false}