{"cameraMode":{"drawMode":0,"name":"Shaded","section":"Shading Mode"},"sceneLighting":false,"audioPlay":false,"sceneViewState":{"showFog":true,"showMaterialUpdate":false,"showSkybox":true,"showFlares":true,"showImageEffects":true,"showParticleSystems":true},"in2DMode":false,"pivot":{"x":701.2659301757813,"y":258.0234069824219,"z":-83.26399993896485},"rotation":{"x":-0.08104811608791352,"y":0.06483633816242218,"z":-0.005283451173454523,"w":-0.994584858417511},"size":430.18426513671877,"orthographic":false}