{"cameraMode":{"drawMode":0,"name":"Shaded","section":"Shading Mode"},"sceneLighting":false,"audioPlay":false,"sceneViewState":{"showFog":true,"showMaterialUpdate":false,"showSkybox":false,"showFlares":true,"showImageEffects":true,"showParticleSystems":true},"in2DMode":false,"pivot":{"x":0.09136295318603516,"y":-0.22341877222061158,"z":-25.005178451538087},"rotation":{"x":-0.1204429417848587,"y":0.6075618863105774,"z":-0.09388166666030884,"w":-0.7794543504714966},"size":1.3914155960083008,"orthographic":false}