{"cameraMode":{"drawMode":0,"name":"Shaded","section":"Shading Mode"},"sceneLighting":false,"audioPlay":false,"sceneViewState":{"showFog":true,"showMaterialUpdate":false,"showSkybox":true,"showFlares":true,"showImageEffects":true,"showParticleSystems":true},"in2DMode":false,"pivot":{"x":4.184110641479492,"y":1.0870319604873658,"z":8.524849891662598},"rotation":{"x":0.0002995265240315348,"y":-0.9993280172348023,"z":-0.03568144515156746,"w":-0.008388250134885311},"size":2.678086519241333,"orthographic":false}