{"cameraMode":{"drawMode":0,"name":"Shaded","section":"Shading Mode"},"sceneLighting":false,"audioPlay":false,"sceneViewState":{"showFog":true,"showMaterialUpdate":false,"showSkybox":true,"showFlares":true,"showImageEffects":true,"showParticleSystems":true},"in2DMode":false,"pivot":{"x":1102.9307861328125,"y":960.1870727539063,"z":-6.824188232421875},"rotation":{"x":-0.03330346569418907,"y":0.0020959360990673305,"z":-0.00006981141632422805,"w":-0.9994439482688904},"size":265.8153991699219,"orthographic":false}