{"cameraMode":{"drawMode":0,"name":"Shaded","section":"Shading Mode"},"sceneLighting":false,"audioPlay":false,"sceneViewState":{"showFog":true,"showMaterialUpdate":false,"showSkybox":true,"showFlares":true,"showImageEffects":true,"showParticleSystems":true},"in2DMode":false,"pivot":{"x":3.565284013748169,"y":-0.508577823638916,"z":10.429920196533204},"rotation":{"x":-0.18338677287101746,"y":-0.49804213643074038,"z":0.1086607277393341,"w":-0.8405463695526123},"size":5.693061828613281,"orthographic":false}