{"cameraMode":{"drawMode":0,"name":"Shaded","section":"Shading Mode"},"sceneLighting":false,"audioPlay":false,"sceneViewState":{"showFog":true,"showMaterialUpdate":false,"showSkybox":true,"showFlares":true,"showImageEffects":true,"showParticleSystems":true},"in2DMode":false,"pivot":{"x":68.95565795898438,"y":-51.65147018432617,"z":21.349838256835939},"rotation":{"x":0.24225352704524995,"y":0.6157881021499634,"z":-0.207014799118042,"w":0.7206057906150818},"size":47.777587890625,"orthographic":false}