{"cameraMode":{"drawMode":0,"name":"Shaded","section":"Shading Mode"},"sceneLighting":false,"audioPlay":false,"sceneViewState":{"showFog":true,"showMaterialUpdate":true,"showSkybox":true,"showFlares":true,"showImageEffects":false,"showParticleSystems":true},"in2DMode":false,"pivot":{"x":-121.8556900024414,"y":-223.3270263671875,"z":-297.2510070800781},"rotation":{"x":-0.4395151436328888,"y":0.34512707591056826,"z":-0.18778130412101746,"w":-0.8077635765075684},"size":260.5025329589844,"orthographic":false}