{"cameraMode":{"drawMode":0,"name":"Shaded","section":"Shading Mode"},"sceneLighting":false,"audioPlay":false,"sceneViewState":{"showFog":true,"showMaterialUpdate":false,"showSkybox":true,"showFlares":true,"showImageEffects":true,"showParticleSystems":true},"in2DMode":false,"pivot":{"x":771.4606323242188,"y":596.0255126953125,"z":-32.510833740234378},"rotation":{"x":-0.03330346569418907,"y":0.0020959360990673305,"z":-0.00006981141632422805,"w":-0.9994439482688904},"size":448.2882995605469,"orthographic":false}