{"cameraMode":{"drawMode":0,"name":"Shaded","section":"Shading Mode"},"sceneLighting":false,"audioPlay":false,"sceneViewState":{"showFog":true,"showMaterialUpdate":false,"showSkybox":false,"showFlares":true,"showImageEffects":true,"showParticleSystems":true},"in2DMode":false,"pivot":{"x":-3.2982373237609865,"y":-5.5720534324646,"z":8.0052490234375},"rotation":{"x":-0.1204429417848587,"y":0.6075618863105774,"z":-0.09388166666030884,"w":-0.7794543504714966},"size":30.796424865722658,"orthographic":false}