{"cameraMode":{"drawMode":0,"name":"Shaded","section":"Shading Mode"},"sceneLighting":false,"audioPlay":false,"sceneViewState":{"showFog":true,"showMaterialUpdate":false,"showSkybox":true,"showFlares":true,"showImageEffects":true,"showParticleSystems":true},"in2DMode":false,"pivot":{"x":-2.248711109161377,"y":0.8758423328399658,"z":8.44549560546875},"rotation":{"x":0.0013272900832816959,"y":0.6839137673377991,"z":-0.0012311419704928995,"w":0.7296205759048462},"size":2.5555756092071535,"orthographic":false}