{"cameraMode":{"drawMode":0,"name":"Shaded","section":"Shading Mode"},"sceneLighting":false,"audioPlay":false,"sceneViewState":{"showFog":true,"showMaterialUpdate":true,"showSkybox":true,"showFlares":true,"showImageEffects":false,"showParticleSystems":true},"in2DMode":false,"pivot":{"x":-60.482112884521487,"y":0.9343114495277405,"z":-8.331685066223145},"rotation":{"x":-0.028457561507821084,"y":0.97003573179245,"z":-0.14096558094024659,"w":-0.1958274394273758},"size":1.467017412185669,"orthographic":false}