{"cameraMode":{"drawMode":0,"name":"Shaded","section":"Shading Mode"},"sceneLighting":true,"audioPlay":false,"sceneViewState":{"showFog":true,"showMaterialUpdate":false,"showSkybox":true,"showFlares":true,"showImageEffects":true,"showParticleSystems":true},"in2DMode":false,"pivot":{"x":1.5318975448608399,"y":0.9547619819641113,"z":8.22252082824707},"rotation":{"x":-0.019614532589912416,"y":-0.6496453285217285,"z":0.01677101105451584,"w":-0.7597991824150086},"size":3.384645700454712,"orthographic":false}