{"cameraMode":{"drawMode":0,"name":"Shaded","section":"Shading Mode"},"sceneLighting":true,"audioPlay":false,"sceneViewState":{"showFog":true,"showMaterialUpdate":false,"showSkybox":true,"showFlares":true,"showImageEffects":true,"showParticleSystems":true},"in2DMode":false,"pivot":{"x":3.537489891052246,"y":0.6744711995124817,"z":10.486127853393555},"rotation":{"x":-0.029548920691013337,"y":-0.9671263098716736,"z":0.13314402103424073,"w":-0.21463711559772492},"size":1.2846460342407227,"orthographic":false}