{"cameraMode":{"drawMode":0,"name":"Shaded","section":"Shading Mode"},"sceneLighting":false,"audioPlay":false,"sceneViewState":{"showFog":true,"showMaterialUpdate":false,"showSkybox":false,"showFlares":true,"showImageEffects":true,"showParticleSystems":true},"in2DMode":false,"pivot":{"x":0.9069290161132813,"y":1.9466735124588013,"z":-0.42333126068115237},"rotation":{"x":0.13114307820796967,"y":0.5199217796325684,"z":-0.08110164850950241,"w":0.8402032256126404},"size":2.60172963142395,"orthographic":false}