{"cameraMode":{"drawMode":0,"name":"Shaded","section":"Shading Mode"},"sceneLighting":false,"audioPlay":false,"sceneViewState":{"showFog":true,"showMaterialUpdate":false,"showSkybox":false,"showFlares":true,"showImageEffects":true,"showParticleSystems":true},"in2DMode":false,"pivot":{"x":2.65966796875,"y":6.074677467346191,"z":-0.6318955421447754},"rotation":{"x":0.13114307820796967,"y":0.5199217796325684,"z":-0.08110164850950241,"w":0.8402032256126404},"size":8.818984985351563,"orthographic":false}