{"cameraMode":{"drawMode":0,"name":"Shaded","section":"Shading Mode"},"sceneLighting":false,"audioPlay":false,"sceneViewState":{"showFog":true,"showMaterialUpdate":false,"showSkybox":false,"showFlares":true,"showImageEffects":true,"showParticleSystems":true},"in2DMode":false,"pivot":{"x":0.8578348159790039,"y":2.1815154552459719,"z":-0.1564652919769287},"rotation":{"x":0.13114307820796967,"y":0.5199217796325684,"z":-0.08110164850950241,"w":0.8402032256126404},"size":3.053379535675049,"orthographic":false}