{"cameraMode":{"drawMode":0,"name":"Shaded","section":"Shading Mode"},"sceneLighting":false,"audioPlay":false,"sceneViewState":{"showFog":true,"showMaterialUpdate":false,"showSkybox":false,"showFlares":true,"showImageEffects":true,"showParticleSystems":true},"in2DMode":false,"pivot":{"x":0.0,"y":1.5209501214030753e-7,"z":1.2758655548095704},"rotation":{"x":0.13114307820796967,"y":0.5199217796325684,"z":-0.08110164850950241,"w":0.8402032256126404},"size":6.148777008056641,"orthographic":false}