{"cameraMode":{"drawMode":0,"name":"Shaded","section":"Shading Mode"},"sceneLighting":false,"audioPlay":false,"sceneViewState":{"showFog":true,"showMaterialUpdate":false,"showSkybox":false,"showFlares":true,"showImageEffects":true,"showParticleSystems":true},"in2DMode":false,"pivot":{"x":-0.3867757320404053,"y":-0.5962954759597778,"z":2.989607810974121},"rotation":{"x":0.10935327410697937,"y":-0.06492961943149567,"z":0.00721736392006278,"w":0.9918750524520874},"size":3.3176400661468508,"orthographic":false}