{"cameraMode":{"drawMode":0,"name":"Shaded","section":"Shading Mode"},"sceneLighting":false,"audioPlay":false,"sceneViewState":{"showFog":true,"showMaterialUpdate":false,"showSkybox":false,"showFlares":true,"showImageEffects":true,"showParticleSystems":true},"in2DMode":false,"pivot":{"x":0.0,"y":0.7041230201721191,"z":-2.202789346483769e-7},"rotation":{"x":0.13114307820796967,"y":0.5199217796325684,"z":-0.08110164850950241,"w":0.8402032256126404},"size":4.632473945617676,"orthographic":false}