{"cameraMode":{"drawMode":0,"name":"Shaded","section":"Shading Mode"},"sceneLighting":false,"audioPlay":false,"sceneViewState":{"showFog":true,"showMaterialUpdate":false,"showSkybox":false,"showFlares":true,"showImageEffects":true,"showParticleSystems":true},"in2DMode":false,"pivot":{"x":0.13335001468658448,"y":1.542082667350769,"z":-0.11947844177484513},"rotation":{"x":0.10602819174528122,"y":0.705065131187439,"z":-0.10783536732196808,"w":0.6928557753562927},"size":0.3928202986717224,"orthographic":false}